{
"lengthUnit": "mil",
"components": {
	"fields": ["COMPONENT_NO", "COMPONENT_NAME", "LAYER", "X_COORDINATE", "Y_COORDINATE", "ANGLE"],
	"rows": [
		[1, "555", "T", 150, 200, 0],
		[2, "C1", "T", 50, -200, 180],
		[3, "C2", "T", -200, 250, 270],
		[4, "GND", "T", -200, -100, 90],
		[5, "Pot", "T", 450, -200, 180],
		[6, "R1", "T", 50, 550, 180],
		[7, "R2", "T", 500, 300, 90]
	]
},
"pins": {
	"fields": ["PIN_NO", "PIN_NAME", "PIN_X", "PIN_Y", "LAYER", "PIN_TYPE", "NET_NAME", "NET_TYPE", "PAD_SHAPE", "PAD_SIZEX", "PAD_SIZEY", "HOLE_SIZE", "PAD_ANGLE"],
	"rows": [
		[1, "555_1", 0, 50, "T", "DIP", "GND", "GND", "R", 70.87, 70.87, 39.37, 0],
		[2, "555_1", 0, 50, "B", "DIP", "GND", "GND", "R", 70.87, 70.87, 39.37, 0],
		[3, "555_2", 100, 50, "T", "DIP", "$1N355", "", "C", 70.87, 70.87, 39.37, 0],
		[4, "555_2", 100, 50, "B", "DIP", "$1N355", "", "C", 70.87, 70.87, 39.37, 0],
		[5, "555_3", 200, 50, "T", "DIP", "$1N354", "", "C", 70.87, 70.87, 39.37, 0],
		[6, "555_3", 200, 50, "B", "DIP", "$1N354", "", "C", 70.87, 70.87, 39.37, 0],
		[7, "555_4", 300, 50, "T", "DIP", "+5V", "", "C", 70.87, 70.87, 39.37, 0],
		[8, "555_4", 300, 50, "B", "DIP", "+5V", "", "C", 70.87, 70.87, 39.37, 0],
		[9, "555_5", 300, 350, "T", "DIP", "$1N352", "", "C", 70.87, 70.87, 39.37, 0],
		[10, "555_5", 300, 350, "B", "DIP", "$1N352", "", "C", 70.87, 70.87, 39.37, 0],
		[11, "555_6", 200, 350, "T", "DIP", "$1N355", "", "C", 70.87, 70.87, 39.37, 0],
		[12, "555_6", 200, 350, "B", "DIP", "$1N355", "", "C", 70.87, 70.87, 39.37, 0],
		[13, "555_7", 100, 350, "T", "DIP", "$1N350", "", "C", 70.87, 70.87, 39.37, 0],
		[14, "555_7", 100, 350, "B", "DIP", "$1N350", "", "C", 70.87, 70.87, 39.37, 0],
		[15, "555_8", 0, 350, "T", "DIP", "+5V", "", "C", 70.87, 70.87, 39.37, 0],
		[16, "555_8", 0, 350, "B", "DIP", "+5V", "", "C", 70.87, 70.87, 39.37, 0],
		[17, "C1_1", 100, -200, "T", "DIP", "$1N355", "", "C", 62.99, 62.99, 39.37, 180],
		[18, "C1_1", 100, -200, "B", "DIP", "$1N355", "", "C", 62.99, 62.99, 39.37, 180],
		[19, "C1_2", 0, -200, "T", "DIP", "GND", "GND", "C", 62.99, 62.99, 39.37, 180],
		[20, "C1_2", 0, -200, "B", "DIP", "GND", "GND", "C", 62.99, 62.99, 39.37, 180],
		[21, "C2_1", -200, 348.4, "T", "DIP", "$1N352", "", "C", 62.99, 62.99, 39.37, 270],
		[22, "C2_1", -200, 348.4, "B", "DIP", "$1N352", "", "C", 62.99, 62.99, 39.37, 270],
		[23, "C2_2", -200, 151.6, "T", "DIP", "GND", "GND", "C", 62.99, 62.99, 39.37, 270],
		[24, "C2_2", -200, 151.6, "B", "DIP", "GND", "GND", "C", 62.99, 62.99, 39.37, 270],
		[25, "GND_1", -200, -200, "T", "DIP", "GND", "GND", "R", 62, 62, 35.43, 90],
		[26, "GND_1", -200, -200, "B", "DIP", "GND", "GND", "R", 62, 62, 35.43, 90],
		[27, "GND_2", -200, -100, "T", "DIP", "+5V", "", "C", 62, 62, 35.43, 90],
		[28, "GND_2", -200, -100, "B", "DIP", "+5V", "", "C", 62, 62, 35.43, 90],
		[29, "GND_3", -200, 0, "T", "DIP", "$1N354", "", "C", 62, 62, 35.43, 90],
		[30, "GND_3", -200, 0, "B", "DIP", "$1N354", "", "C", 62, 62, 35.43, 90],
		[31, "Pot_1", 500, -200, "T", "DIP", "$1N362", "", "R", 70.87, 70.87, 39.37, 180],
		[32, "Pot_1", 500, -200, "B", "DIP", "$1N362", "", "R", 70.87, 70.87, 39.37, 180],
		[33, "Pot_2", 400, -200, "T", "DIP", "$1N355", "", "C", 70.87, 70.87, 39.37, 180],
		[34, "Pot_2", 400, -200, "B", "DIP", "$1N355", "", "C", 70.87, 70.87, 39.37, 180],
		[35, "R1_1", 305.91, 550, "T", "DIP", "$1N350", "", "C", 59.05, 59.05, 31.5, 180],
		[36, "R1_1", 305.91, 550, "B", "DIP", "$1N350", "", "C", 59.05, 59.05, 31.5, 180],
		[37, "R1_2", -205.91, 550, "T", "DIP", "+5V", "", "C", 59.05, 59.05, 31.5, 180],
		[38, "R1_2", -205.91, 550, "B", "DIP", "+5V", "", "C", 59.05, 59.05, 31.5, 180],
		[39, "R2_1", 500, 44.09, "T", "DIP", "$1N362", "", "C", 59.05, 59.05, 31.5, 90],
		[40, "R2_1", 500, 44.09, "B", "DIP", "$1N362", "", "C", 59.05, 59.05, 31.5, 90],
		[41, "R2_2", 500, 555.91, "T", "DIP", "$1N350", "", "C", 59.05, 59.05, 31.5, 90],
		[42, "R2_2", 500, 555.91, "B", "DIP", "$1N350", "", "C", 59.05, 59.05, 31.5, 90]
	]
}
}